序号,期刊名称,ISSN,库标识
318,安徽农业大学学报,1672-352X,扩展库
319,安全与环境工程,1671-1556,扩展库
320,安全与环境学报,1009-6094,核心库
321,爆破,1001-487X,扩展库
322,爆破器材,1001-8352,扩展库
323,爆炸与冲击,1001-1455,核心库
324,北京大学学报(医学版),1671-167X,核心库
325,北京大学学报(自然科学版),0479-8023,核心库
326,北京工业大学学报,0254-0037,核心库
327,北京航空航天大学学报,1001-5965,核心库
328,北京化工大学学报(自然科学版),1671-4628,扩展库
329,北京交通大学学报(自然科学版),1673-0291,核心库
330,北京理工大学学报,1001-0645,核心库
331,北京林业大学学报,1000-1522,核心库
332,北京师范大学学报(自然科学版),0476-0301,核心库
333,北京邮电大学学报,1007-5321,扩展库
334,北京中医药大学学报,1006-2157,核心库
335,表面技术,1001-3660,核心库
336,冰川冻土,1000-0240,核心库
337,兵工学报,1000-1093,核心库
338,兵器材料科学与工程,1004-244X,扩展库
339,兵器装备工程学报,2096-2304,核心库
340,病毒学报,1000-8721,核心库
341,材料保护,1001-1560,扩展库
342,材料导报,1005-023X,核心库
343,材料工程,1001-4381,核心库
344,材料科学与工程学报,1673-2812,扩展库
345,材料科学与工艺,1005-0299,核心库
346,材料热处理学报,1009-6264,核心库
347,材料研究学报,1005-3093,核心库
348,采矿与安全工程学报,1673-3363,核心库
349,蚕业科学,0257-4799,扩展库
350,草地学报,1007-0435,核心库
351,草业科学,1001-0629,核心库
352,草业学报,1004-5759,核心库
353,草原与草坪,1009-5500,扩展库
354,测绘地理信息,2095-6045,扩展库
355,测绘科学,1009-2307,核心库
356,测绘通报,0494-0911,核心库
357,测绘学报,1001-1595,核心库
358,茶叶科学,1000-369X,核心库
359,肠外与肠内营养,1007-810X,核心库
360,沉积学报,1000-0550,核心库
361,沉积与特提斯地质,1009-3850,扩展库
362,成都理工大学学报(自然科学版),1671-9727,核心库
363,城市发展研究,1006-3862,核心库
364,城市规划,1002-1329,核心库
365,城市规划学刊,1000-3363,核心库
366,储能科学与技术,2095-4239,核心库
367,畜牧兽医学报,0366-6964,核心库
368,传感技术学报,1004-1699,核心库
369,传感器与微系统,2096-2436,扩展库
370,船舶工程,1000-6982,扩展库
371,船舶力学,1007-7294,核心库
372,磁共振成像,1674-8034,核心库
373,大地测量与地球动力学,1671-5942,核心库
374,大地构造与成矿学,1001-1552,核心库
375,大豆科学,1000-9841,扩展库
376,大连海事大学学报,1006-7736,扩展库
377,大连海洋大学学报,2095-1388,核心库
378,大连理工大学学报,1000-8608,核心库
379,大气科学,1006-9895,核心库
380,大气科学学报,1674-7097,核心库
381,大气与环境光学学报,1673-6141,核心库
382,淡水渔业,1000-6907,扩展库
383,弹道学报,1004-499X,核心库
384,导弹与航天运载技术(中英文),2097-1974,扩展库
385,导航定位学报,2095-4999,扩展库
386,导航定位与授时,2095-8110,扩展库
387,低温工程,1000-6516,扩展库
388,地层学杂志,0253-4959,扩展库
389,地理科学,1000-0690,核心库
390,地理科学进展,1007-6301,核心库
391,地理学报,0375-5444,核心库
392,地理研究,1000-0585,核心库
393,地理与地理信息科学,1672-0504,核心库
394,地球化学,0379-1726,核心库
395,地球环境学报,1674-9901,扩展库
396,地球科学,1000-2383,核心库
397,地球科学进展,1001-8166,核心库
398,地球物理学报,0001-5733,核心库
399,地球物理学进展,1004-2903,核心库
400,地球信息科学学报,1560-8999,核心库
401,地球学报,1006-3021,核心库
402,地球与环境,1672-9250,核心库
403,地下空间与工程学报,1673-0836,核心库
404,地学前缘,1005-2321,核心库
405,地震,1000-3274,扩展库
406,地震地质,0253-4967,核心库
407,地震工程学报,1000-0844,核心库
408,地震工程与工程振动,1000-1301,核心库
409,地震学报,0253-3782,核心库
410,地震研究,1000-0666,扩展库
411,地质科技通报,2096-8523,扩展库
412,地质科学,0563-5020,核心库
413,地质力学学报,1006-6616,核心库
414,地质论评,0371-5736,核心库
415,地质通报,1671-2552,核心库
416,地质学报,0001-5717,核心库
417,地质与勘探,0495-5331,扩展库
418,第四纪研究,1001-7410,核心库
419,电波科学学报,1005-0388,扩展库
420,电工电能新技术,1003-3076,核心库
421,电工技术学报,1000-6753,核心库
422,电光与控制,1671-637X,扩展库
423,电机与控制学报,1007-449X,核心库
424,电力建设,1000-7229,核心库
425,电力科学与技术学报,1673-9140,扩展库
426,电力系统保护与控制,1674-3415,核心库
427,电力系统及其自动化学报,1003-8930,核心库
428,电力系统自动化,1000-1026,核心库
429,电力自动化设备,1006-6047,核心库
430,电气工程学报,2095-9524,扩展库
431,电网技术,1000-3673,核心库
432,电网与清洁能源,1674-3814,扩展库
433,电源学报,2095-2805,扩展库
434,电子测量与仪器学报,1000-7105,核心库
435,电子科技大学学报,1001-0548,核心库
436,电子显微学报,1000-6281,扩展库
437,电子学报,0372-2112,核心库
438,电子与信息学报,1009-5896,核心库
439,东北大学学报(自然科学版),1005-3026,核心库
440,东北林业大学学报,1000-5382,扩展库
441,东北农业大学学报,1005-9369,核心库
442,东南大学学报(自然科学版),1001-0505,核心库
443,动力工程学报,1674-7607,核心库
444,动物学杂志,0250-3263,扩展库
445,动物营养学报,1006-267X,核心库
446,断块油气田,1005-8907,扩展库
447,锻压技术,1000-3940,扩展库
448,发电技术,2096-4528,核心库
449,发光学报,1000-7032,核心库
450,法医学杂志,1004-5619,扩展库
451,防灾减灾工程学报,1672-2132,核心库
452,纺织学报,0253-9721,核心库
453,放射学实践,1000-0313,核心库
454,飞行力学,1002-0853,扩展库
455,分析测试学报,1004-4957,核心库
456,分析化学,0253-3820,核心库
457,分析科学学报,1006-6144,扩展库
458,分析试验室,1000-0720,扩展库
459,分子催化,1001-3555,扩展库
460,粉末冶金技术,1001-3784,扩展库
461,辐射防护,1000-8187,扩展库
462,辐射研究与辐射工艺学报,1000-3436,核心库
463,福建农林大学学报(自然科学版),1671-5470,扩展库
464,福建农业学报,1008-0384,扩展库
465,腐蚀与防护,1005-748X,扩展库
466,复旦学报(医学版),1672-8467,核心库
467,复旦学报(自然科学版),0427-7104,扩展库
468,复合材料学报,1000-3851,核心库
469,复杂系统与复杂性科学,1672-3813,核心库
470,甘肃农业大学学报,1003-4315,扩展库
471,干旱地区农业研究,1000-7601,核心库
472,干旱区地理,1000-6060,核心库
473,干旱区研究,1001-4675,核心库
474,干旱区资源与环境,1003-7578,核心库
475,钢铁,0449-749X,核心库
476,钢铁研究学报,1001-0963,核心库
477,高等学校化学学报,0251-0790,核心库
478,高电压技术,1003-6520,核心库
479,高分子材料科学与工程,1000-7555,核心库
480,高分子通报,1003-3726,核心库
481,高分子学报,1000-3304,核心库
482,高校地质学报,1006-7493,核心库
483,高校化学工程学报,1003-9015,核心库
484,高压电器,1001-1609,核心库
485,高压物理学报,1000-5773,核心库
486,高原科学研究,2096-4617,扩展库
487,高原气象,1000-0534,核心库
488,给水排水,1002-8471,核心库
489,工程爆破,1006-7051,扩展库
490,工程地质学报,1004-9665,核心库
491,工程科学学报,2095-9389,核心库
492,工程科学与技术,2096-3246,核心库
493,工程力学,1000-4750,核心库
494,工程热物理学报,0253-231X,核心库
495,工程设计学报,1006-754X,核心库
496,工程数学学报,1005-3085,核心库
497,工程塑料应用,1001-3539,核心库
498,工矿自动化,1671-251X,扩展库
499,工业工程与管理,1007-5429,扩展库
500,工业水处理,1005-829X,扩展库
501,公路交通科技,1002-0268,核心库
502,功能材料,1001-9731,核心库
503,功能高分子学报,1008-9357,核心库
504,古地理学报,1671-1505,核心库
505,古脊椎动物学报(中英文),2096-9899,核心库
506,古生物学报,0001-6616,核心库
507,固体火箭技术,1006-2793,核心库
508,固体力学学报,0254-7805,核心库
509,管理工程学报,1004-6062,核心库
510,管理科学学报,1007-9807,核心库
511,灌溉排水学报,1672-3317,扩展库
512,光电工程,1003-501X,核心库
513,光电子・激光,1005-0086,扩展库
514,光谱学与光谱分析,1000-0593,核心库
515,光学技术,1002-1582,扩展库
516,光学精密工程,1004-924X,核心库
517,光学学报,0253-2239,核心库
518,光子学报,1004-4213,核心库
519,广东海洋大学学报,1673-9159,扩展库
520,广西植物,1000-3142,扩展库
521,硅酸盐学报,0454-5648,核心库
522,国防科技大学学报,1001-2486,核心库
523,国际城市规划,1673-9493,核心库
524,国际口腔医学杂志,1673-5749,核心库
525,果树学报,1009-9980,核心库
526,过程工程学报,1009-606X,核心库
527,哈尔滨工程大学学报,1006-7043,核心库
528,哈尔滨工业大学学报,0367-6234,核心库
529,海军军医大学学报,2097-1338,核心库
530,海相油气地质,1672-9854,核心库
531,海洋测绘,1671-3044,扩展库
532,海洋地质前沿,1009-2722,核心库
533,海洋地质与第四纪地质,0256-1492,核心库
534,海洋工程,1005-9865,核心库
535,海洋湖沼通报,1003-6482,核心库
536,海洋环境科学,1007-6336,核心库
537,海洋科学,1000-3096,扩展库
538,海洋科学进展,1671-6647,核心库
539,海洋通报,1001-6392,核心库
540,海洋学报,0253-4193,核心库
541,海洋学研究,1001-909X,扩展库
542,海洋渔业,1004-2490,核心库
543,海洋与湖沼,0029-814X,核心库
544,海洋预报,1003-0239,扩展库
545,含能材料,1006-9941,核心库
546,焊接学报,0253-360X,核心库
547,航空兵器,1673-5048,核心库
548,航空材料学报,1005-5053,核心库
549,航空动力学报,1000-8055,核心库
550,航空工程进展,1674-8190,扩展库
551,航空学报,1000-6893,核心库
552,航空制造技术,1671-833X,核心库
553,航天返回与遥感,1009-8518,核心库
554,航天控制,1006-3242,扩展库
555,航天器工程,1673-8748,核心库
556,航天器环境工程,1673-1379,核心库
557,合成生物学,2096-8280,核心库
558,河北农业大学学报,1000-1573,扩展库
559,河海大学学报(自然科学版),1000-1980,核心库
560,河南农业大学学报,1000-2340,扩展库
561,核动力工程,0258-0926,核心库
562,核化学与放射化学,0253-9950,核心库
563,核技术,0253-3219,核心库
564,核聚变与等离子体物理,0254-6086,扩展库
565,核科学与工程,0258-0918,扩展库
566,核农学报,1000-8551,核心库
567,红外技术,1001-8891,核心库
568,红外与毫米波学报,1001-9014,核心库
569,红外与激光工程,1007-2276,核心库
570,湖泊科学,1003-5427,核心库
571,湖南大学学报(自然科学版),1674-2974,核心库
572,湖南农业大学学报(自然科学版),1007-1032,扩展库
573,护理管理杂志,1671-315X,扩展库
574,护理学杂志,1001-4152,扩展库
575,华北农学报,1000-7091,核心库
576,华东理工大学学报(自然科学版),1006-3080,扩展库
577,华东师范大学学报(自然科学版),1000-5641,扩展库
578,华南理工大学学报(自然科学版),1000-565X,核心库
579,华南农业大学学报,1001-411X,核心库
580,华西口腔医学杂志,1000-1182,核心库
581,华西药学杂志,1106-0103,扩展库
582,华中科技大学学报(医学版),1672-0741,扩展库
583,华中科技大学学报(自然科学版),1671-4512,核心库
584,华中农业大学学报,1000-2421,核心库
585,华中师范大学学报(自然科学版),1000-1190,扩展库
586,化工环保,1006-1878,扩展库
587,化工进展,1000-6613,核心库
588,化工新型材料,1006-3536,扩展库
589,化工学报,0438-1157,核心库
590,化学工程,1005-9954,扩展库
591,化学工业与工程,1004-9533,扩展库
592,化学进展,1005-281X,核心库
593,化学通报,0441-3776,扩展库
594,化学学报,0567-7351,核心库
595,环境工程,1000-8942,扩展库
596,环境工程技术学报,1674-991X,扩展库
597,环境工程学报,1673-9108,扩展库
598,环境化学,0254-6108,核心库
599,环境监测管理与技术,1006-2009,扩展库
600,环境科学,0250-3301,核心库
601,环境科学学报,0253-2468,核心库
602,环境科学研究,1001-6929,核心库
603,环境科学与技术,1003-6504,核心库
604,环境昆虫学报,1674-0858,扩展库
605,环境污染与防治,1001-3865,扩展库
606,环境与职业医学,2095-9982,核心库
607,黄金科学技术,1005-2518,扩展库
608,火工品,1003-1480,扩展库
609,火力与指挥控制,1002-0640,扩展库
610,火炸药学报,1107-7812,核心库
611,机器人,1002-0446,核心库
612,机械工程材料,1000-3738,扩展库
613,机械工程学报,0577-6686,核心库
614,机械科学与技术,1003-8728,核心库
615,机械强度,1001-9669,扩展库
616,机械设计,1001-2354,扩展库
617,机械设计与研究,1006-2343,扩展库
618,基因组学与应用生物学,1674-568X,扩展库
619,激光技术,1001-3806,扩展库
620,激光与光电子学进展,1006-4125,核心库
621,激光与红外,1001-5078,扩展库
622,吉林大学学报(地球科学版),1671-5888,核心库
623,吉林大学学报(工学版),1671-5497,核心库
624,吉林大学学报(医学版),1671-587X,扩展库
625,吉林农业大学学报,1000-5684,扩展库
626,极地研究,1007-7073,核心库
627,疾病监测,1003-9961,核心库
628,计量经济学报,2096-9732,核心库
629,计量学报,1000-1158,扩展库
630,计算机辅助设计与图形学学报,1003-9775,核心库
631,计算机工程,1000-3428,扩展库
632,计算机工程与科学,1007-130X,扩展库
633,计算机工程与应用,1002-8331,扩展库
634,计算机集成制造系统,1006-5911,核心库
635,计算机科学,1002-137X,扩展库
636,计算机科学与探索,1673-9418,核心库
637,计算机学报,0254-4164,核心库
638,计算机研究与发展,1000-1239,核心库
639,计算机应用,1001-9081,扩展库
640,计算机应用研究,1001-3695,扩展库
641,计算力学学报,1007-4708,核心库
642,计算数学,0254-7791,核心库
643,计算物理,1001-246X,扩展库
644,建筑材料学报,1007-9629,核心库
645,建筑钢结构进展,1671-9379,扩展库
646,建筑结构学报,1000-6869,核心库
647,建筑科学,1002-8528,扩展库
648,江苏农业学报,1000-4440,核心库
649,江西农业大学学报,1000-2286,核心库
650,交通信息与安全,1674-4861,扩展库
651,交通运输工程学报,1671-1637,核心库
652,交通运输系统工程与信息,1009-6744,核心库
653,洁净煤技术,1006-6772,核心库
654,解放军医学杂志,0577-7402,核心库
655,解剖学报,0529-1356,核心库
656,介入放射学杂志,1008-794X,扩展库
657,金属热处理,0254-6051,扩展库
658,金属学报,0412-1961,核心库
659,经济地理,1000-8462,核心库
660,精细化工,1003-5214,核心库
661,景观设计学(中英文),2096-336X,扩展库
662,军事护理,2097-1826,核心库
663,军事医学,1674-9960,核心库
664,菌物学报,1672-6472,核心库
665,菌物研究,1672-3538,核心库
666,康复学报,2096-0328,扩展库
667,科技导报,1000-7857,核心库
668,科学通报,0023-074X,核心库
669,科学学研究,1003-2053,核心库
670,科学学与科学技术管理,1002-0241,核心库
671,科研管理,1000-2995,核心库
672,可再生能源,1671-5292,核心库
673,空间结构,1006-6578,扩展库
674,空间科学学报,0254-6124,核心库
675,空间控制技术与应用,1674-1579,核心库
676,空间碎片研究,2096-4099,扩展库
677,空军工程大学学报,2097-1915,扩展库
678,空气动力学学报,0258-1825,核心库
679,空天技术,2097-0714,核心库
680,空天预警研究学报,2097-180X,扩展库
681,控制工程,1671-7848,扩展库
682,控制理论与应用,1000-8152,核心库
683,控制与决策,1001-0920,核心库
684,口腔医学研究,1671-7651,扩展库
685,矿床地质,0258-7106,核心库
686,矿物学报,1000-4734,核心库
687,矿物岩石,1001-6872,扩展库
688,矿物岩石地球化学通报,1007-2802,核心库
689,矿业科学学报,2096-2193,核心库
690,昆虫学报,0454-6296,核心库
691,兰州大学学报(自然科学版),0455-2059,核心库
692,雷达学报,2095-283X,核心库
693,理化检验(化学分册),1001-4020,扩展库
694,力学季刊,0254-0053,扩展库
695,力学进展,1000-0992,核心库
696,力学学报,0459-1879,核心库
697,粮油食品科技,1007-7561,扩展库
698,量子电子学报,1007-5461,扩展库
699,林产化学与工业,0253-2417,核心库
700,林业工程学报,2096-1359,扩展库
701,林业科学,1001-7488,核心库
702,林业科学研究,1001-1498,核心库
703,临床超声医学杂志,1008-6978,扩展库
704,临床儿科杂志,1000-3606,核心库
705,临床耳鼻咽喉头颈外科杂志,2096-7993,核心库
706,临床麻醉学杂志,1004-5805,扩展库
707,临床皮肤科杂志,1000-4963,扩展库
708,临床小儿外科杂志,1671-6353,扩展库
709,流体机械,1005-0329,扩展库
710,陆军军医大学学报,2097-0927,核心库
711,麦类作物学报,1009-1041,核心库
712,煤炭科学技术,0253-2336,核心库
713,煤炭学报,0253-9993,核心库
714,煤炭转化,1004-4248,核心库
715,煤田地质与勘探,1001-1986,扩展库
716,密码学报,2095-7025,核心库
717,棉花学报,1002-7807,核心库
718,免疫学杂志,1000-8861,核心库
719,模式识别与人工智能,1003-6059,核心库
720,膜科学与技术,1007-8924,核心库
721,摩擦学学报,1004-0595,核心库
722,南方电网技术,1674-0629,核心库
723,南方建筑,1000-0232,扩展库
724,南方农业学报,2095-1191,扩展库
725,南方水产科学,2095-0780,核心库
726,南方医科大学学报,1673-4254,核心库
727,南京大学学报(自然科学版),0469-5097,核心库
728,南京航空航天大学学报,1005-2615,核心库
729,南京理工大学学报(自然科学版),1005-9830,扩展库
730,南京林业大学学报(自然科学版),1000-2006,核心库
731,南京农业大学学报,1000-2030,核心库
732,南京中医药大学学报,1672-0482,核心库
733,南开大学学报(自然科学版),0465-7942,扩展库
734,南水北调与水利科技(中英文),2096-8086,扩展库
735,内燃机工程,1000-0925,扩展库
736,内燃机学报,1000-0909,核心库
737,泥沙研究,0468-155X,核心库
738,农药,1006-0413,扩展库
739,农药学学报,1008-7303,核心库
740,农业工程学报,1002-6819,核心库
741,农业环境科学学报,1672-2043,核心库
742,农业机械学报,1000-1298,核心库
743,农业生物技术学报,1674-7968,核心库
744,农业现代化研究,1000-0275,扩展库
745,农业资源与环境学报,2095-6819,核心库
746,排灌机械工程学报,1674-8530,核心库
747,气候变化研究进展,1673-1719,核心库
748,气候与环境研究,1006-9585,核心库
749,气象,1000-0526,核心库
750,气象学报,0577-6619,核心库
751,汽车安全与节能学报,1674-8484,核心库
752,汽车工程,1000-680X,核心库
753,汽车技术,1000-3703,扩展库
754,器官移植,1674-7445,核心库
755,强度与环境,1006-3919,扩展库
756,强激光与粒子束,1001-4322,核心库
757,桥梁建设,1003-4722,核心库
758,清华大学学报(自然科学版),1000-0054,核心库
759,情报学报,1000-0135,扩展库
760,全球变化数据学报(中英文),2096-3645,扩展库
761,全球定位系统,1008-9268,扩展库
762,全球能源互联网,2096-5125,核心库
763,燃料化学学报(中英文),2097-213X,核心库
764,燃烧科学与技术,1006-8740,核心库
765,热带地理,1001-5221,核心库
766,热带海洋学报,1009-5470,核心库
767,热带气象学报,1004-4965,扩展库
768,热带亚热带植物学报,1005-3395,扩展库
769,热带作物学报,1000-2561,扩展库
770,热固性树脂,1002-7432,扩展库
771,热科学与技术,1671-8097,扩展库
772,热力发电,1002-3364,核心库
773,热能动力工程,1001-2060,扩展库
774,人类学学报,1000-3193,核心库
775,软件学报,1000-9825,核心库
776,润滑与密封,0254-0150,扩展库
777,色谱,1000-8713,核心库
778,森林与环境学报,2096-0018,核心库
779,厦门大学学报(自然科学版),0438-0479,扩展库
780,山地学报,1008-2786,核心库
781,山东大学学报(工学版),1672-3961,核心库
782,山东大学学报(理学版),1671-9352,扩展库
783,陕西师范大学学报(自然科学版),1672-4291,扩展库
784,上海大学学报(自然科学版),1007-2861,扩展库
785,上海海洋大学学报,1674-5566,核心库
786,上海航天(中英文),2096-8655,核心库
787,上海交通大学学报,1006-2467,核心库
788,上海交通大学学报(医学版),1674-8115,核心库
789,上海理工大学学报,1007-6735,扩展库
790,上海针灸杂志,1005-0957,扩展库
791,上海中医药杂志,1007-1334,扩展库
792,深空探测学报(中英文),2096-9287,核心库
793,深圳大学学报(理工版),1000-2618,扩展库
794,神经解剖学杂志,1000-7547,扩展库
795,沈阳农业大学学报,1000-1700,扩展库
796,沈阳药科大学学报,1006-2858,扩展库
797,肾脏病与透析肾移植杂志,1006-298X,扩展库
798,生理学报,0371-0874,核心库
799,生命科学,1004-0374,核心库
800,生态毒理学报,1673-5897,扩展库
801,生态环境学报,1674-5906,核心库
802,生态科学,1008-8873,核心库
803,生态学报,1000-0933,核心库
804,生态学杂志,1000-4890,核心库
805,生态与农村环境学报,1673-4831,核心库
806,生物安全学报,2095-1787,扩展库
807,生物多样性,1005-0094,核心库
808,生物工程学报,1000-3061,核心库
809,生物化学与生物物理进展,1000-3282,核心库
810,生物技术通报,1002-5464,核心库
811,生物学杂志,2095-1736,扩展库
812,声学技术,1000-3630,扩展库
813,声学学报,0371-0025,核心库
814,湿地科学,1672-5948,核心库
815,石油地球物理勘探,1000-7210,核心库
816,石油化工,1000-8144,核心库
817,石油勘探与开发,1000-0747,核心库
818,石油炼制与化工,1005-2399,扩展库
819,石油实验地质,1001-6112,核心库
820,石油物探,1000-1441,扩展库
821,石油学报,0253-2697,核心库
822,石油学报(石油加工),1001-8719,扩展库
823,石油与天然气地质,0253-9985,核心库
824,石油与天然气化工,1007-3426,扩展库
825,石油钻探技术,1001-0890,扩展库
826,时间频率学报,1674-0637,扩展库
827,时珍国医国药,1008-0805,扩展库
828,实验力学,1001-4888,核心库
829,实验流体力学,1672-9897,核心库
830,实用妇产科杂志,1003-6946,扩展库
831,实用口腔医学杂志,1001-3733,扩展库
832,食品科学,1002-6630,核心库
833,食品科学技术学报,2095-6002,核心库
834,食品与发酵工业,0253-990X,核心库
835,食品与机械,1003-5788,扩展库
836,食品与生物技术学报,1673-1689,扩展库
837,食用菌学报,1005-9873,扩展库
838,世界科技研究与发展,1006-6055,扩展库
839,世界科学技术：中医药现代化,1647-3849,扩展库
840,世界林业研究,1001-4241,核心库
841,兽类学报,1000-1050,扩展库
842,数据采集与处理,1004-9037,扩展库
843,数据分析与知识发现,2096-3467,扩展库
844,数据与计算发展前沿,2096-742X,扩展库
845,数量经济技术经济研究,1000-3894,核心库
846,数学进展,1000-0917,扩展库
847,数学年刊(A辑),1000-8314,核心库
848,数学物理学报(A辑),1003-3998,扩展库
849,数学学报,0583-1431,核心库
850,水产科学,1003-1111,扩展库
851,水产学报,1000-0615,核心库
852,水处理技术,1000-3770,扩展库
853,水动力学研究与进展(A辑),1000-4874,扩展库
854,水科学进展,1001-6791,核心库
855,水力发电学报,1003-1243,核心库
856,水利水电科技进展,1006-7647,核心库
857,水利水运工程学报,1009-640X,扩展库
858,水利学报,0559-9350,核心库
859,水生生物学报,1000-3207,核心库
860,水生态学杂志,1674-3075,核心库
861,水土保持通报,1000-288X,扩展库
862,水土保持学报,1009-2242,核心库
863,水土保持研究,1005-3409,核心库
864,水文,1000-0852,扩展库
865,水文地质工程地质,1000-3665,核心库
866,水资源保护,1004-6933,扩展库
867,水资源与水工程学报,1672-643X,核心库
868,丝绸,1001-7003,核心库
869,四川大学学报(医学版),1672-173X,核心库
870,四川大学学报(自然科学版),0490-6756,扩展库
871,四川农业大学学报,1000-2650,扩展库
872,塑料,1001-9456,核心库
873,塑料工业,1005-5770,核心库
874,塑性工程学报,1007-2012,核心库
875,隧道建设(中英文),2096-4498,核心库
876,太阳能学报,0254-0096,扩展库
877,探测与控制学报,1008-1194,扩展库
878,特种油气藏,1006-6535,核心库
879,天津大学学报(自然科学与工程技术版),0493-2137,核心库
880,天然产物研究与开发,1001-6880,核心库
881,天然气地球科学,1672-1926,核心库
882,天然气工业,1000-0976,核心库
883,天文学报,0001-5245,核心库
884,天文学进展,1000-8349,核心库
885,天文研究与技术,1672-7673,扩展库
886,铁道工程学报,1006-2106,核心库
887,铁道科学与工程学报,1672-7029,扩展库
888,铁道学报,1001-8360,核心库
889,听力学及言语疾病杂志,1006-7299,核心库
890,通信学报,1000-436X,核心库
891,同济大学学报(自然科学版),0253-374X,核心库
892,图学学报,2095-302X,扩展库
893,涂料工业,0253-4312,扩展库
894,土木工程学报,1000-131X,核心库
895,土木与环境工程学报(中英文),2096-6717,扩展库
896,土壤,0253-9829,核心库
897,土壤通报,0564-3945,核心库
898,土壤学报,0564-3929,核心库
899,推进技术,1001-4055,核心库
900,微波学报,1005-6122,扩展库
901,微生物学报,0001-6209,核心库
902,微生物学通报,0253-2654,核心库
903,微生物学杂志,1005-7021,扩展库
904,微体古生物学报,1000-0674,核心库
905,卫生研究,1000-8020,核心库
906,无机材料学报,1000-324X,核心库
907,无机化学学报,1001-4861,扩展库
908,无机盐工业,1006-4990,扩展库
909,武汉大学学报(工学版),1671-8844,核心库
910,武汉大学学报(理学版),1671-8836,核心库
911,武汉大学学报(信息科学版),1671-8860,核心库
912,物理化学学报,1000-6818,核心库
913,物理学报,1000-3290,核心库
914,西安电子科技大学学报,1001-2400,核心库
915,西安交通大学学报,0253-987X,核心库
916,西安交通大学学报(医学版),1671-8259,核心库
917,西北大学学报(自然科学版),1000-274X,核心库
918,西北地质,1009-6248,扩展库
919,西北工业大学学报,1000-2758,核心库
920,西北林学院学报,1001-7461,核心库
921,西北农林科技大学学报(自然科学版),1671-9387,核心库
922,西北农业学报,1004-1389,核心库
923,西北植物学报,1000-4025,核心库
924,西部人居环境学刊,2095-6304,扩展库
925,西南大学学报(自然科学版),1673-9868,扩展库
926,西南交通大学学报,0258-2724,核心库
927,西南农业学报,1001-4829,扩展库
928,西南石油大学学报(自然科学版),1674-5086,扩展库
929,稀土,1004-0277,扩展库
930,稀有金属,0258-7076,核心库
931,稀有金属材料与工程,1002-185X,核心库
932,稀有金属与硬质合金,1004-0536,扩展库
933,系统仿真学报,1004-731X,核心库
934,系统工程,1001-4098,扩展库
935,系统工程理论与实践,1000-6788,核心库
936,系统工程学报,1000-5781,核心库
937,系统工程与电子技术,1001-506X,核心库
938,系统管理学报,1005-2542,核心库
939,系统科学与数学,1000-0577,核心库
940,细胞与分子免疫学杂志,1007-8738,扩展库
941,现代地质,1000-8527,核心库
942,现代化工,0253-4320,扩展库
943,现代雷达,1004-7859,扩展库
944,现代隧道技术,1009-6582,核心库
945,现代制造工程,1671-3133,扩展库
946,小型微型计算机系统,1000-1220,扩展库
947,协和医学杂志,1674-9081,核心库
948,心理科学,1671-6981,扩展库
949,心理科学进展,1671-3710,核心库
950,心理学报,0439-755X,核心库
951,新疆地质,1000-8845,扩展库
952,新疆农业科学,1001-4330,扩展库
953,新疆石油地质,1001-3873,核心库
954,新能源进展,2095-560X,核心库
955,新型炭材料(中英文),2097-1605,核心库
956,信号处理,1003-0530,核心库
957,信息安全学报,2096-1146,核心库
958,信息安全研究,2096-1057,扩展库
959,信息网络安全,1671-1122,扩展库
960,信息与控制,1002-0411,核心库
961,烟草科技,1002-0861,核心库
962,岩矿测试,0254-5357,核心库
963,岩石矿物学杂志,1000-6524,核心库
964,岩石力学与工程学报,1000-6915,核心库
965,岩石学报,1000-0569,核心库
966,岩土工程学报,1000-4548,核心库
967,岩土力学,1000-7598,核心库
968,岩性油气藏,1673-8926,核心库
969,盐湖研究,1008-858X,扩展库
970,遥感技术与应用,1004-0323,核心库
971,遥感信息,1000-3177,核心库
972,遥感学报,1007-4619,核心库
973,药物不良反应杂志,1008-5734,扩展库
974,药物分析杂志,0254-1793,核心库
975,药学学报,0513-4870,核心库
976,液晶与显示,1007-2780,扩展库
977,医用生物力学,1004-7220,核心库
978,仪表技术与传感器,1002-1841,扩展库
979,仪器仪表学报,0254-3087,核心库
980,遗传,0253-9772,核心库
981,营养学报,0512-7955,核心库
982,应用概率统计,1001-4268,扩展库
983,应用海洋学学报,2095-4972,核心库
984,应用化工,1671-3206,扩展库
985,应用化学,1000-0518,扩展库
986,应用基础与工程科学学报,1005-0930,核心库
987,应用激光,1000-372X,扩展库
988,应用科学学报,0255-8297,扩展库
989,应用昆虫学报,2095-1353,核心库
990,应用力学学报,1000-4939,扩展库
991,应用气象学报,1001-7313,核心库
992,应用生态学报,1001-9332,核心库
993,应用声学,1000-310X,扩展库
994,应用数学和力学,1000-0887,扩展库
995,应用数学学报,0254-3079,核心库
996,应用与环境生物学报,1006-687X,核心库
997,油气藏评价与开发,2095-1426,扩展库
998,油气地质与采收率,1009-9603,核心库
999,油田化学,1000-4092,扩展库
1000,铀矿地质,1000-0658,扩展库
1001,有机化学,0253-2786,核心库
1002,渔业科学进展,2095-9869,核心库
1003,渔业现代化,1007-9580,扩展库
1004,宇航材料工艺,1007-2330,核心库
1005,宇航计测技术,1000-7202,扩展库
1006,宇航学报,1000-1328,核心库
1007,玉米科学,1005-0906,核心库
1008,园艺学报,0513-353X,核心库
1009,原子核物理评论,1007-4627,扩展库
1010,原子能科学技术,1000-6931,核心库
1011,云南大学学报(自然科学版),0258-7971,扩展库
1012,云南农业大学学报,1004-390X,扩展库
1013,运筹学学报,1007-6093,核心库
1014,运筹与管理,1007-3221,扩展库
1015,杂交水稻,1005-3956,扩展库
1016,灾害学,1000-811X,核心库
1017,载人航天,1674-5825,核心库
1018,噪声与振动控制,1006-1355,核心库
1019,长安大学学报(自然科学版),1671-8879,核心库
1020,长江科学院院报,1001-5485,核心库
1021,长江流域资源与环境,1004-8227,核心库
1022,浙江大学学报(工学版),1008-973X,核心库
1023,浙江大学学报(理学版),1008-9497,核心库
1024,浙江大学学报(农业与生命科学版),1008-9209,核心库
1025,浙江大学学报(医学版),1008-9292,核心库
1026,浙江农林大学学报,2095-0756,核心库
1027,浙江农业学报,1004-1524,扩展库
1028,针刺研究,1000-0607,核心库
1029,真空科学与技术学报,1672-7126,扩展库
1030,振动、测试与诊断,1004-6801,核心库
1031,振动工程学报,1004-4523,核心库
1032,振动与冲击,1000-3835,核心库
1033,震灾防御技术,1673-5722,扩展库
1034,植物保护,0529-1542,核心库
1035,植物保护学报,0577-7518,核心库
1036,植物病理学报,0412-0914,核心库
1037,植物科学学报,2095-0837,核心库
1038,植物生理学报,2095-1108,核心库
1039,植物生态学报,1005-264X,核心库
1040,植物学报,1674-3466,核心库
1041,植物研究,1673-5102,扩展库
1042,植物遗传资源学报,1672-1810,核心库
1043,植物营养与肥料学报,1008-505X,核心库
1044,植物资源与环境学报,1674-7895,核心库
1045,指挥与控制学报,2096-0204,核心库
1046,制冷学报,0253-4339,核心库
1047,质谱学报,1004-2997,核心库
1048,智慧农业(中英文),2096-6350,核心库
1049,智能科学与技术学报,2096-6652,核心库
1050,智能系统学报,1673-4785,核心库
1051,中草药,0253-2670,核心库
1052,中成药,1001-1528,核心库
1053,中国癌症杂志,1007-3639,核心库
1054,中国艾滋病性病,1672-5662,核心库
1055,中国安全科学学报,1003-3033,核心库
1056,中国安全生产科学技术,1673-193X,扩展库
1057,中国表面工程,1007-9289,核心库
1058,中国病理生理杂志,1000-4718,核心库
1059,中国病原生物学杂志,1673-5234,核心库
1060,中国材料进展,1674-3962,核心库
1061,中国草地学报,1673-5021,核心库
1062,中国超声医学杂志,1002-0101,核心库
1063,中国畜牧兽医,1671-7236,扩展库
1064,中国畜牧杂志,0258-7033,扩展库
1065,中国当代儿科杂志,1008-8830,核心库
1066,中国地质,1000-3657,核心库
1067,中国地质灾害与防治学报,1003-8035,扩展库
1068,中国电机工程学报,0258-8013,核心库
1069,中国电力,1004-9649,核心库
1070,中国儿童保健杂志,1008-6579,扩展库
1071,中国耳鼻咽喉颅底外科杂志,1007-1520,扩展库
1072,中国耳鼻咽喉头颈外科,1672-7002,扩展库
1073,中国法医学杂志,1001-5728,扩展库
1074,中国防痨杂志,1000-6621,扩展库
1075,中国肺癌杂志,1009-3419,核心库
1076,中国粉体技术,1008-5548,扩展库
1077,中国腐蚀与防护学报,1005-4537,核心库
1078,中国妇产科临床杂志,1672-1861,扩展库
1079,中国感染控制杂志,1671-9638,核心库
1080,中国感染与化疗杂志,1009-7708,核心库
1081,中国给水排水,1000-4602,核心库
1082,中国工程科学,1009-1742,核心库
1083,中国公共卫生,1001-0580,核心库
1084,中国公路学报,1001-7372,核心库
1085,中国骨伤,1003-0034,扩展库
1086,中国骨质疏松杂志,1006-7108,核心库
1087,中国管理科学,1003-207X,核心库
1088,中国惯性技术学报,1005-6734,核心库
1089,中国光学(中英文),2097-1842,核心库
1090,中国海上油气,1673-1506,核心库
1091,中国海洋大学学报(自然科学版),1672-5174,核心库
1092,中国海洋药物,1002-3461,扩展库
1093,中国航海,1000-4653,扩展库
1094,中国呼吸与危重监护杂志,1671-6205,核心库
1095,中国护理管理,1672-1756,核心库
1096,中国环境监测,1002-6002,核心库
1097,中国环境科学,1000-6923,核心库
1098,中国机械工程,1004-132X,核心库
1099,中国激光,0258-7025,核心库
1100,中国急救医学,1002-1949,核心库
1101,中国脊柱脊髓杂志,1004-406X,核心库
1102,中国寄生虫学与寄生虫病杂志,1000-7423,核心库
1103,中国舰船研究,1673-3185,扩展库
1104,中国矫形外科杂志,1005-8478,扩展库
1105,中国介入心脏病学杂志,1004-8812,扩展库
1106,中国康复理论与实践,1006-9771,核心库
1107,中国康复医学杂志,1001-1242,核心库
1108,中国抗生素杂志,1001-8689,核心库
1109,中国科技史杂志,1673-1441,扩展库
1110,中国科学(地球科学),1674-7240,核心库
1111,中国科学(化学),1674-7224,核心库
1112,中国科学(技术科学),1674-7259,核心库
1113,中国科学(生命科学),1674-7232,核心库
1114,中国科学(数学),1674-7216,核心库
1115,"中国科学(物理学,力学,天文学)",1674-7275,核心库
1116,中国科学(信息科学),1674-7267,核心库
1117,中国科学基金,1000-8217,核心库
1118,中国科学技术大学学报,0253-2778,扩展库
1119,中国科学数据,2096-2223,核心库
1120,中国科学院大学学报,2095-6134,核心库
1121,中国科学院院刊,1000-3045,核心库
1122,中国空间科学技术,1000-758X,核心库
1123,中国矿业大学学报(自然科学版),1000-1964,核心库
1124,中国粮油学报,1003-0174,核心库
1125,中国临床解剖学杂志,1001-165X,扩展库
1126,中国临床心理学杂志,1005-3611,核心库
1127,中国临床药理学与治疗学,1009-2501,核心库
1128,中国临床药理学杂志,1001-6821,核心库
1129,中国临床医学影像杂志,1008-1062,扩展库
1130,中国慢性病预防与控制,1004-6194,核心库
1131,中国免疫学杂志,1000-484X,核心库
1132,中国男科学杂志,1008-0848,扩展库
1133,中国脑血管病杂志,1672-5921,扩展库
1134,中国农业大学学报,1007-4333,核心库
1135,中国农业科技导报,1008-0864,扩展库
1136,中国农业科学,0578-1752,核心库
1137,中国农业气象,1000-6362,核心库
1138,中国农业资源与区划,1005-9121,核心库
1139,中国皮肤性病学杂志,1001-7089,扩展库
1140,中国普通外科杂志,1005-6947,核心库
1141,中国人口・资源与环境,1002-2104,核心库
1142,中国人兽共患病学报,1002-2694,核心库
1143,中国软科学,1005-0566,核心库
1144,中国沙漠,1000-694X,核心库
1145,中国神经精神疾病杂志,1002-0152,核心库
1146,中国生态旅游,2095-199X,扩展库
1147,中国生态农业学报(中英文),2096-6237,核心库
1148,中国生物防治学报,2095-039X,核心库
1149,中国生物工程杂志,1671-8135,核心库
1150,中国生物化学与分子生物学报,1007-7626,扩展库
1151,中国生物医学工程学报,0258-8021,核心库
1152,中国生物制品学杂志,1004-5503,扩展库
1153,中国石油大学学报(自然科学版),1673-5005,扩展库
1154,中国石油勘探,1672-7703,核心库
1155,中国实验动物学报,1005-4847,扩展库
1156,中国实验方剂学杂志,1005-9903,核心库
1157,中国实验血液学杂志,1009-2137,扩展库
1158,中国实用儿科杂志,1005-2224,核心库
1159,中国实用妇科与产科杂志,1005-2216,核心库
1160,中国实用口腔科杂志,1674-1595,扩展库
1161,中国实用内科杂志,1005-2194,核心库
1162,中国实用外科杂志,1005-2208,核心库
1163,中国食品卫生杂志,1004-8456,核心库
1164,中国食品学报,1009-7848,核心库
1165,中国兽医科学,1673-4696,扩展库
1166,中国兽医学报,1005-4545,扩展库
1167,中国水产科学,1005-8737,核心库
1168,中国水稻科学,1001-7216,核心库
1169,中国水土保持科学(中英文),2096-2673,扩展库
1170,中国塑料,1001-9278,核心库
1171,中国糖尿病杂志,1006-6187,核心库
1172,中国陶瓷,1001-9642,扩展库
1173,中国疼痛医学杂志,1006-9852,核心库
1174,中国铁道科学,1001-4632,核心库
1175,中国图象图形学报,1006-8961,核心库
1176,中国土地科学,1001-8158,核心库
1177,中国土壤与肥料,1673-6257,核心库
1178,中国微创外科杂志,1009-6604,扩展库
1179,中国微生态学杂志,1005-376X,核心库
1180,中国卫生统计,1002-3674,核心库
1181,中国卫生政策研究,1674-2982,核心库
1182,中国卫生资源,1007-953X,扩展库
1183,中国稀土学报,1000-4343,核心库
1184,中国细胞生物学学报,1674-7666,扩展库
1185,中国现代应用药学,1007-7693,核心库
1186,中国心理卫生杂志,1000-6729,核心库
1187,中国新药与临床杂志,1007-7669,扩展库
1188,中国新药杂志,1003-3734,核心库
1189,中国胸心血管外科临床杂志,1007-4848,扩展库
1190,中国修复重建外科杂志,1002-1892,核心库
1191,中国血吸虫病防治杂志,1005-6661,核心库
1192,中国血液净化,1671-4091,扩展库
1193,中国循环杂志,1000-3614,核心库
1194,中国循证儿科杂志,1673-5501,核心库
1195,中国循证医学杂志,1672-2531,核心库
1196,中国烟草科学,1007-5119,扩展库
1197,中国烟草学报,1004-5708,扩展库
1198,中国岩溶,1001-4810,扩展库
1199,中国药科大学学报,1000-5048,核心库
1200,中国药理学通报,1001-1978,核心库
1201,中国药物依赖性杂志,1007-9718,扩展库
1202,中国药学杂志,1001-2494,核心库
1203,中国冶金,1006-9356,扩展库
1204,中国野生植物资源,1006-9690,扩展库
1205,中国医学计算机成像杂志,1006-5741,扩展库
1206,中国医学科学院学报,1000-503X,核心库
1207,中国医学前沿杂志(电子版),1674-7372,扩展库
1208,中国医学物理学杂志,1005-202X,扩展库
1209,中国医学影像技术,1003-3289,核心库
1210,中国医学影像学杂志,1005-5185,核心库
1211,中国医药工业杂志,1001-8255,扩展库
1212,中国疫苗和免疫,1006-916X,核心库
1213,中国应用生理学杂志,1000-6834,扩展库
1214,中国油料作物学报,1007-9084,核心库
1215,中国油脂,1003-7969,核心库
1216,中国有色金属学报,1004-0609,核心库
1217,中国预防兽医学报,1008-0589,扩展库
1218,中国预防医学杂志,1009-6639,扩展库
1219,中国园林,1000-6664,扩展库
1220,中国运动医学杂志,1000-6710,核心库
1221,中国造船,1000-4882,核心库
1222,中国造纸学报,1000-6842,扩展库
1223,中国针灸,0255-2930,核心库
1224,中国真菌学杂志,1673-3827,核心库
1225,中国中西医结合急救杂志,1008-9691,扩展库
1226,中国中西医结合杂志,1003-5370,核心库
1227,中国中药杂志,1001-5302,核心库
1228,中国中医基础医学杂志,1006-3250,扩展库
1229,中国中医药信息杂志,1005-5304,扩展库
1230,中国肿瘤,1004-0242,核心库
1231,中国肿瘤临床,1000-8179,核心库
1232,中国肿瘤生物治疗杂志,1007-385X,扩展库
1233,中国组织化学与细胞化学杂志,1004-1850,扩展库
1234,中华病理学杂志,0529-5807,核心库
1235,中华超声影像学杂志,1004-4477,核心库
1236,中华传染病杂志,1000-6680,核心库
1237,中华创伤骨科杂志,1671-7600,核心库
1238,中华创伤杂志,1001-8050,核心库
1239,中华儿科杂志,0578-1310,核心库
1240,中华耳鼻咽喉头颈外科杂志,1673-0860,核心库
1241,中华耳科学杂志,1672-2922,核心库
1242,中华放射学杂志,1005-1201,核心库
1243,中华放射医学与防护杂志,0254-5098,核心库
1244,中华放射肿瘤学杂志,1004-4221,核心库
1245,中华风湿病学杂志,1007-7480,扩展库
1246,中华妇产科杂志,0529-567X,核心库
1247,中华肝胆外科杂志,1007-8118,核心库
1248,中华肝脏病杂志,1007-3418,核心库
1249,中华高血压杂志,1673-7245,扩展库
1250,中华骨科杂志,0253-2352,核心库
1251,中华骨与关节外科杂志,2095-9958,核心库
1252,中华骨质疏松和骨矿盐疾病杂志,1674-2591,核心库
1253,中华关节外科杂志(电子版),1674-134X,核心库
1254,中华行为医学与脑科学杂志,1674-6554,扩展库
1255,中华航海医学与高气压医学杂志,1009-6906,扩展库
1256,中华核医学与分子影像杂志,2095-2848,扩展库
1257,中华护理教育,1672-9234,扩展库
1258,中华护理杂志,0254-1769,核心库
1259,中华急危重症护理杂志,2096-7446,核心库
1260,中华急诊医学杂志,1671-0282,核心库
1261,中华疾病控制杂志,1674-3679,核心库
1262,中华检验医学杂志,1009-9158,核心库
1263,中华健康管理学杂志,1674-0815,扩展库
1264,中华结核和呼吸杂志,1001-0939,核心库
1265,中华精神科杂志,1006-7884,核心库
1266,中华口腔医学杂志,1002-0098,核心库
1267,中华劳动卫生职业病杂志,1001-9391,扩展库
1268,中华老年医学杂志,0254-9026,核心库
1269,中华临床感染病杂志,1674-2397,核心库
1270,中华临床营养杂志,1674-635X,核心库
1271,中华流行病学杂志,0254-6450,核心库
1272,中华麻醉学杂志,0254-1416,扩展库
1273,中华泌尿外科杂志,1000-6702,核心库
1274,中华男科学杂志,1009-3591,核心库
1275,中华内分泌代谢杂志,1000-6699,核心库
1276,中华内科杂志,0578-1426,核心库
1277,中华皮肤科杂志,0412-4030,核心库
1278,中华普通外科杂志,1007-631X,扩展库
1279,中华乳腺病杂志(电子版),1674-0807,扩展库
1280,中华烧伤与创面修复杂志,2097-1109,核心库
1281,中华神经科杂志,1006-7876,核心库
1282,中华神经外科杂志,1001-2346,核心库
1283,中华神经医学杂志,1671-8925,扩展库
1284,中华肾脏病杂志,1001-7097,核心库
1285,中华生殖与避孕杂志,2096-2916,核心库
1286,中华实验和临床病毒学杂志,1003-9279,扩展库
1287,中华实验眼科杂志,2095-0160,核心库
1288,中华实用儿科临床杂志,2095-428X,核心库
1289,中华手外科杂志,1005-054X,核心库
1290,中华糖尿病杂志,1674-5809,核心库
1291,中华外科杂志,0529-5815,核心库
1292,中华危重病急救医学,2095-4352,核心库
1293,中华危重症医学杂志(电子版),1674-6880,扩展库
1294,中华微生物学和免疫学杂志,0254-5101,核心库
1295,中华围产医学杂志,1007-9408,核心库
1296,中华胃肠外科杂志,1671-0274,核心库
1297,中华物理医学与康复杂志,0254-1424,核心库
1298,中华显微外科杂志,1001-2036,核心库
1299,中华消化内镜杂志,1007-5232,扩展库
1300,中华消化外科杂志,1673-9752,核心库
1301,中华消化杂志,0254-1432,核心库
1302,中华小儿外科杂志,0253-3006,核心库
1303,中华心血管病杂志,0253-3758,核心库
1304,中华新生儿科杂志,2096-2932,扩展库
1305,中华胸心血管外科杂志,1001-4497,核心库
1306,中华血液学杂志,0253-2727,核心库
1307,中华眼底病杂志,1005-1015,扩展库
1308,中华眼科杂志,0412-4081,核心库
1309,中华眼视光学与视觉科学杂志,1674-845X,扩展库
1310,中华医学超声杂志(电子版),1672-6448,核心库
1311,中华医学遗传学杂志,1003-9406,扩展库
1312,中华医学杂志,0376-2491,核心库
1313,中华医院感染学杂志,1005-4529,扩展库
1314,中华医院管理杂志,1000-6672,扩展库
1315,中华预防医学杂志,0253-9624,核心库
1316,中华整形外科杂志,1009-4598,核心库
1317,中华中医药杂志,1673-1727,核心库
1318,中华肿瘤杂志,0253-3766,核心库
1319,中华重症医学电子杂志,2096-1537,扩展库
1320,中南大学学报(医学版),1672-7347,核心库
1321,中南大学学报(自然科学版),1672-7207,核心库
1322,中南林业科技大学学报,1673-923X,核心库
1323,中山大学学报(医学科学版),1672-3554,核心库
1324,中山大学学报自然科学版(中英文),2097-0137,核心库
1325,中文信息学报,1003-0077,核心库
1326,中药新药与临床药理,1003-9783,核心库
1327,中药药理与临床,1001-859X,核心库
1328,中医杂志,1001-1668,核心库
1329,重庆大学学报(自然科学版),1000-582X,核心库
1330,重庆交通大学学报(自然科学版),1674-0696,扩展库
1331,重庆医科大学学报,0253-3626,扩展库
1332,重庆邮电大学学报(自然科学版),1673-825X,扩展库
1333,资源科学,1007-7588,核心库
1334,自动化学报,0254-4156,核心库
1335,自然保护地,2096-8981,扩展库
1336,自然科学史研究,1000-0224,扩展库
1337,自然灾害学报,1004-4574,核心库
1338,自然资源学报,1000-3037,核心库
1339,自然资源遥感,2097-034X,核心库
1340,作物学报,0496-3490,核心库
